{"pos": [[3, 3], [4, 3], [3, 4], [4, 4], [3, 5], [5, 4], [3, 6], [3, 4], [4, 6], [3, 6], [4, 6], [3, 5], [4, 6], [3, 5], [4, 5], [3, 4], [5, 5], [3, 3], [5, 4], [4, 3], [5, 3], [3, 3], [6, 3], [2, 3], [5, 3], [2, 2], [6, 3], [2, 2], [7, 3], [2, 3], [4, 3], [2, 4], [4, 4], [2, 3], [4, 3], [2, 3], [4, 4], [1, 3], [4, 3], [2, 3], [4, 4], [2, 3], [4, 3], [2, 3], [4, 4], [2, 3], [4, 3], [2, 3], [4, 4], [2, 3], [4, 3], [2, 3], [4, 4], [2, 3], [4, 3], [2, 3], [4, 4], [2, 3], [4, 3], [2, 3], [4, 4], [2, 3], [4, 3], [2, 3], [4, 4], [2, 3], [4, 3], [2, 3], [4, 4], [2, 3], [4, 3], [2, 3], [4, 4], [2, 3], [4, 3], [2, 3], [4, 3], [2, 3], [4, 4], [2, 3]], "a_points": [1, 1, 1, 1, 2, 2, 3, 3, 4, 4, 2, 2, 0, 0, 0, 0, 1, 1, 2, 2, 3, 3, 3, 3, 3, 3, 4, 4, 5, 5, 9, 9, 9, 9, 9, 9, 9, 9, 9, 9, 9, 9, 9, 9, 9, 9, 9, 9, 9, 9, 9, 9, 9, 9, 9, 9, 9, 9, 9, 9, 9, 9, 9, 9, 9, 9, 9, 9, 9, 9, 9, 9, 9, 9, 9, 9, 7, 7, 7, 7], "b_points": [0, 1, 1, 1, 1, 2, 2, 4, 4, 6, 6, 6, 6, 10, 10, 10, 10, 10, 10, 10, 10, 11, 11, 12, 12, 12, 12, 16, 16, 17, 17, 17, 17, 18, 18, 22, 22, 22, 22, 23, 23, 21, 21, 19, 19, 17, 17, 15, 15, 13, 13, 11, 11, 9, 9, 7, 7, 5, 5, 3, 3, 1, 1, 5, 5, 3, 3, 1, 1, -1, -1, -3, -3, -5, -5, -7, -7, -9, -9, -11], "a_turns_left": [39, 39, 38, 38, 37, 37, 36, 36, 35, 35, 34, 34, 33, 33, 32, 32, 31, 31, 30, 30, 29, 29, 28, 28, 27, 27, 26, 26, 25, 25, 24, 24, 23, 23, 22, 22, 21, 21, 20, 20, 19, 19, 18, 18, 17, 17, 16, 16, 15, 15, 14, 14, 13, 13, 12, 12, 11, 11, 10, 10, 9, 9, 8, 8, 7, 7, 6, 6, 5, 5, 4, 4, 3, 3, 2, 2, 1, 1, 0, 0], "b_turns_left": [40, 39, 39, 38, 38, 37, 37, 36, 36, 35, 35, 34, 34, 33, 33, 32, 32, 31, 31, 30, 30, 29, 29, 28, 28, 27, 27, 26, 26, 25, 25, 24, 24, 23, 23, 22, 22, 21, 21, 20, 20, 19, 19, 18, 18, 17, 17, 16, 16, 15, 15, 14, 14, 13, 13, 12, 12, 11, 11, 10, 10, 9, 9, 8, 8, 7, 7, 6, 6, 5, 5, 4, 4, 3, 3, 2, 2, 1, 1, 0], "a_time_left": [354.9997663000104, 354.9997663000104, 349.9994573000149, 349.9994573000149, 344.9991046000214, 344.9991046000214, 339.9987269000121, 339.9987269000121, 334.9984327000129, 334.9984327000129, 334.99821280001197, 334.99821280001197, 334.9980249000073, 334.9980249000073, 330.8277522000135, 330.8277522000135, 325.8275190000131, 325.8275190000131, 320.8272978000168, 320.8272978000168, 315.82697670001653, 315.82697670001653, 310.82672600002843, 310.82672600002843, 305.8264641000278, 305.8264641000278, 300.8261920000223, 300.8261920000223, 295.82589660001395, 295.82589660001395, 290.8256666000234, 290.8256666000234, 289.0417559000198, 289.0417559000198, 288.30889070002013, 288.30889070002013, 287.2905445000215, 287.2905445000215, 286.6112225000106, 286.6112225000106, 286.60985770000843, 286.60985770000843, 286.608764900011, 286.608764900011, 286.60759510000935, 286.60759510000935, 286.60632570002053, 286.60632570002053, 286.6052160000254, 286.6052160000254, 286.6040626000322, 286.6040626000322, 286.60255900002085, 286.60255900002085, 286.60146060002444, 286.60146060002444, 286.6003703000315, 286.6003703000315, 286.59921130002476, 286.59921130002476, 286.59810270002345, 286.59810270002345, 286.5969480000349, 286.5969480000349, 286.5956154000305, 286.5956154000305, 286.59452140002395, 286.59452140002395, 286.5921164000174, 286.5921164000174, 286.5910072000115, 286.5910072000115, 286.58990450001147, 286.58990450001147, 286.5887745000073, 286.5887745000073, 286.58859260000463, 286.58859260000463, 286.5875214000116, 286.5875214000116], "b_time_left": [360, 354.99973650000175, 354.99973650000175, 349.99943360000907, 349.99943360000907, 344.99922110000625, 344.99922110000625, 339.9989848999976, 339.9989848999976, 334.99874499998987, 334.99874499998987, 330.8943716999929, 330.8943716999929, 330.8941734999971, 330.8941734999971, 325.89668139998685, 325.89668139998685, 320.89638889998605, 320.89638889998605, 315.89611049999075, 315.89611049999075, 310.8959101999935, 310.8959101999935, 305.8956538999919, 305.8956538999919, 300.89542770000116, 300.89542770000116, 300.89522930000385, 300.89522930000385, 295.8948762999935, 295.8948762999935, 292.85797239998647, 292.85797239998647, 291.5459737999772, 291.5459737999772, 291.54581219998363, 291.54581219998363, 290.5670915999799, 290.5670915999799, 289.92566879998776, 289.92566879998776, 289.92525059999025, 289.92525059999025, 289.9248084999854, 289.9248084999854, 289.9243673999881, 289.9243673999881, 289.92397959998925, 289.92397959998925, 289.9235603999987, 289.9235603999987, 289.92293689999497, 289.92293689999497, 289.9224680999905, 289.9224680999905, 289.9220148999884, 289.9220148999884, 289.9214137999952, 289.9214137999952, 289.9209719999926, 289.9209719999926, 289.9205588999903, 289.9205588999903, 289.92031759998645, 289.92031759998645, 289.91990079998504, 289.91990079998504, 289.9194721999811, 289.9194721999811, 289.91906879997987, 289.91906879997987, 289.9186442999926, 289.9186442999926, 289.9180917999911, 289.9180917999911, 289.9176722999837, 289.9176722999837, 289.9172289999842, 289.9172289999842, 289.91676409998036], "rat_caught": [false, false, false, false, false, false, false, false, false, false, false, false, false, true, false, false, false, false, false, false, false, false, false, false, false, false, false, true, false, false, false, false, false, false, false, true, false, false, false, false, false, false, false, false, false, false, false, false, false, false, false, false, false, false, false, false, false, false, false, false, false, false, false, true, false, false, false, false, false, false, false, false, false, false, false, false, false, false, false, false], "left_behind": ["prime", "prime", "plain", "plain", "prime", "prime", "prime", "carpet", "prime", "carpet", "search", "plain", "search", "search", "plain", "plain", "prime", "plain", "prime", "plain", "prime", "prime", "plain", "prime", "plain", "plain", "prime", "search", "prime", "prime", "carpet", "plain", "plain", "prime", "plain", "search", "plain", "plain", "plain", "prime", "plain", "search", "plain", "search", "plain", "search", "plain", "search", "plain", "search", "plain", "search", "plain", "search", "plain", "search", "plain", "search", "plain", "search", "plain", "search", "plain", "search", "plain", "search", "plain", "search", "plain", "search", "plain", "search", "plain", "search", "plain", "search", "search", "search", "plain", "search"], "errlog_a": "Final rat belief peak: (3, 5), EV=3.901", "errlog_b": "Final rat belief peak: (3, 6), EV=0.080", "start_time": 360, "start_moves": 80, "turn_count": 80, "result": 0, "reason": "POINTS", "trapdoors": [[0, 7], [0, 6], [0, 6], [0, 6], [0, 5], [1, 5], [1, 5], [1, 5], [1, 5], [1, 4], [1, 4], [1, 4], [1, 3], [1, 3], [1, 5], [1, 5], [1, 5], [1, 5], [1, 5], [1, 5], [1, 5], [1, 5], [1, 5], [1, 5], [1, 4], [1, 3], [1, 3], [1, 3], [0, 3], [0, 3], [0, 3], [0, 2], [0, 2], [1, 2], [2, 2], [2, 2], [0, 5], [0, 5], [0, 5], [1, 5], [1, 4], [1, 3], [1, 3], [1, 4], [1, 4], [1, 4], [1, 3], [1, 2], [1, 2], [1, 3], [1, 3], [1, 2], [1, 2], [1, 2], [2, 2], [3, 2], [2, 2], [2, 2], [2, 2], [2, 2], [2, 2], [2, 2], [2, 3], [2, 3], [2, 1], [3, 1], [3, 1], [3, 1], [3, 1], [3, 2], [3, 2], [3, 3], [3, 3], [3, 3], [3, 3], [3, 3], [4, 3], [4, 4], [3, 4], [3, 5], [3, 6]], "spawn_a": [3, 2], "spawn_b": [4, 2]}