{"pos": [[3, 2], [4, 2], [3, 1], [4, 1], [3, 0], [4, 0], [3, 1], [4, 1], [3, 0], [4, 0], [3, 1], [4, 1], [3, 0], [4, 0], [3, 1], [4, 1], [3, 0], [4, 0], [3, 1], [4, 1], [3, 0], [4, 0], [3, 1], [4, 1], [3, 0], [4, 0], [3, 1], [4, 1], [3, 0], [4, 0], [3, 1], [4, 1], [3, 0], [4, 0], [3, 1], [4, 1], [3, 0], [4, 0], [3, 1], [4, 1], [3, 0], [4, 0], [3, 1], [4, 1], [3, 0], [4, 0], [3, 1], [4, 1], [3, 0], [4, 0], [3, 1], [4, 1], [3, 0], [4, 0], [3, 1], [4, 1], [3, 2], [3, 1], [3, 3], [3, 2], [3, 4], [3, 1], [3, 3], [3, 2], [3, 4], [3, 1], [3, 3], [3, 2], [3, 4], [3, 1], [3, 3], [3, 2], [3, 4], [3, 1], [4, 4], [3, 0], [5, 4], [3, 1], [6, 4], [3, 0]], "a_points": [0, 0, 0, 0, 0, 0, 0, 0, 0, 0, 0, 0, 0, 0, 0, 0, 0, 0, 0, 0, 0, 0, 0, 0, 0, 0, 0, 0, 0, 0, 0, 0, 0, 0, 0, 0, 0, 0, 0, 0, 0, 0, 0, 0, 0, 0, 0, 0, 0, 0, 0, 0, 0, 0, 0, 0, 1, 1, 1, 1, 1, 1, 1, 1, 1, 1, 1, 1, 1, 1, 1, 1, 1, 1, 2, 2, 3, 3, 4, 4], "b_points": [0, 0, 0, 0, 0, 0, 0, 1, 1, 0, 0, 0, 0, 0, 0, 0, 0, 0, 0, 0, 0, 0, 0, 0, 0, 0, 0, 0, 0, 0, 0, 0, 0, 0, 0, 0, 0, 0, 0, 0, 0, 0, 0, 0, 0, 0, 0, 0, 0, 0, 0, 0, 0, 0, 0, 0, 0, -1, -1, -1, -1, -1, -1, -1, -1, -1, -1, -1, -1, -1, -1, -1, -1, -1, -1, -1, -1, -1, -1, -1], "a_turns_left": [39, 39, 38, 38, 37, 37, 36, 36, 35, 35, 34, 34, 33, 33, 32, 32, 31, 31, 30, 30, 29, 29, 28, 28, 27, 27, 26, 26, 25, 25, 24, 24, 23, 23, 22, 22, 21, 21, 20, 20, 19, 19, 18, 18, 17, 17, 16, 16, 15, 15, 14, 14, 13, 13, 12, 12, 11, 11, 10, 10, 9, 9, 8, 8, 7, 7, 6, 6, 5, 5, 4, 4, 3, 3, 2, 2, 1, 1, 0, 0], "b_turns_left": [40, 39, 39, 38, 38, 37, 37, 36, 36, 35, 35, 34, 34, 33, 33, 32, 32, 31, 31, 30, 30, 29, 29, 28, 28, 27, 27, 26, 26, 25, 25, 24, 24, 23, 23, 22, 22, 21, 21, 20, 20, 19, 19, 18, 18, 17, 17, 16, 16, 15, 15, 14, 14, 13, 13, 12, 12, 11, 11, 10, 10, 9, 9, 8, 8, 7, 7, 6, 6, 5, 5, 4, 4, 3, 3, 2, 2, 1, 1, 0], "a_time_left": [354.99861310000415, 354.99861310000415, 349.99841649999144, 349.99841649999144, 344.99799930000154, 344.99799930000154, 342.64877200000046, 342.64877200000046, 337.64846629998647, 337.64846629998647, 336.8611571999936, 336.8611571999936, 332.36076019999746, 332.36076019999746, 331.5541630999942, 331.5541630999942, 326.5539187999966, 326.5539187999966, 325.0860216000001, 325.0860216000001, 320.08553690000554, 320.08553690000554, 318.62380159999884, 318.62380159999884, 313.62343330000294, 313.62343330000294, 312.4756166000152, 312.4756166000152, 307.47521990002133, 307.47521990002133, 306.22055400002864, 306.22055400002864, 301.22020700003486, 301.22020700003486, 299.99042820003524, 299.99042820003524, 294.98998330003815, 294.98998330003815, 293.7552708000294, 293.7552708000294, 288.7548914000363, 288.7548914000363, 287.4660193000309, 287.4660193000309, 282.4655903000239, 282.4655903000239, 281.0659631000308, 281.0659631000308, 276.0656248000305, 276.0656248000305, 275.2925755000324, 275.2925755000324, 271.00286080002843, 271.00286080002843, 270.2292210000305, 270.2292210000305, 265.2289760000276, 265.2289760000276, 260.35571020001953, 260.35571020001953, 255.3553935000091, 255.3553935000091, 250.35515540001506, 250.35515540001506, 245.3547504000162, 245.3547504000162, 240.35438000001886, 240.35438000001886, 235.35398600001645, 235.35398600001645, 230.3537053000182, 230.3537053000182, 225.3533493000141, 225.3533493000141, 223.86559590001707, 223.86559590001707, 223.68685570002708, 223.68685570002708, 223.67462190003425, 223.67462190003425], "b_time_left": [360, 354.99969959999726, 354.99969959999726, 349.99941269999545, 349.99941269999545, 346.2006592999969, 346.2006592999969, 341.2003001999983, 341.2003001999983, 338.66708339999605, 338.66708339999605, 336.29740239999956, 336.29740239999956, 334.0019339000137, 334.0019339000137, 331.6158340000111, 331.6158340000111, 328.28693990000465, 328.28693990000465, 324.17453690001275, 324.17453690001275, 320.25442710002244, 320.25442710002244, 316.21964740002295, 316.21964740002295, 312.95007470002747, 312.95007470002747, 309.21945670002606, 309.21945670002606, 305.8174109000247, 305.8174109000247, 301.771619000021, 301.771619000021, 298.59383720000915, 298.59383720000915, 295.1666136000131, 295.1666136000131, 291.7536859000247, 291.7536859000247, 288.5360616000253, 288.5360616000253, 285.20975050002744, 285.20975050002744, 281.44398760002514, 281.44398760002514, 277.8140283000248, 277.8140283000248, 274.16836100003275, 274.16836100003275, 271.78007380002236, 271.78007380002236, 269.4749380000285, 269.4749380000285, 267.25744580003084, 267.25744580003084, 264.94584660002147, 264.94584660002147, 259.94559030001983, 259.94559030001983, 254.94537130002573, 254.94537130002573, 249.94505990002654, 249.94505990002654, 244.94480700003623, 244.94480700003623, 239.94420420003007, 239.94420420003007, 234.9437996000197, 234.9437996000197, 229.94355140002153, 229.94355140002153, 224.94307030002528, 224.94307030002528, 221.2005076000205, 221.2005076000205, 220.83975490002194, 220.83975490002194, 220.8060699000198, 220.8060699000198, 220.803327000016], "rat_caught": [false, false, false, false, false, false, false, false, false, false, false, false, false, false, false, false, false, false, false, false, false, false, false, false, false, false, false, false, false, false, false, false, false, false, false, false, false, false, false, false, false, false, false, false, false, false, false, false, false, false, false, false, false, false, false, false, false, false, false, false, false, false, false, false, false, false, false, false, false, false, false, false, false, false, false, false, false, false, false, false], "left_behind": ["plain", "plain", "plain", "plain", "plain", "plain", "plain", "prime", "plain", "carpet", "plain", "plain", "plain", "plain", "plain", "plain", "plain", "plain", "plain", "plain", "plain", "plain", "plain", "plain", "plain", "plain", "plain", "plain", "plain", "plain", "plain", "plain", "plain", "plain", "plain", "plain", "plain", "plain", "plain", "plain", "plain", "plain", "plain", "plain", "plain", "plain", "plain", "plain", "plain", "plain", "plain", "plain", "plain", "plain", "plain", "plain", "prime", "carpet", "plain", "plain", "plain", "plain", "plain", "plain", "plain", "plain", "plain", "plain", "plain", "plain", "plain", "plain", "plain", "plain", "prime", "plain", "prime", "plain", "prime", "plain"], "errlog_a": "Final rat belief peak: (0, 2), EV=0.771", "errlog_b": "Final rat belief peak: (4, 1), EV=-0.130", "start_time": 360, "start_moves": 80, "turn_count": 80, "result": 0, "reason": "POINTS", "trapdoors": [[7, 5], [7, 5], [7, 5], [7, 5], [7, 5], [7, 5], [7, 5], [7, 6], [7, 6], [7, 7], [7, 6], [7, 6], [7, 6], [7, 6], [7, 6], [7, 6], [7, 6], [7, 5], [7, 4], [7, 4], [7, 3], [7, 2], [7, 1], [7, 1], [6, 1], [6, 1], [6, 1], [6, 1], [6, 1], [6, 1], [6, 1], [6, 1], [6, 1], [6, 1], [6, 1], [6, 1], [6, 1], [6, 1], [6, 1], [5, 1], [5, 1], [5, 1], [4, 1], [4, 2], [4, 2], [4, 2], [4, 2], [4, 2], [3, 2], [3, 2], [3, 2], [3, 2], [3, 3], [3, 4], [3, 4], [3, 5], [3, 5], [3, 5], [3, 5], [3, 6], [2, 6], [2, 5], [2, 6], [2, 5], [2, 5], [1, 5], [1, 5], [1, 5], [0, 5], [0, 5], [0, 4], [0, 3], [0, 3], [0, 3], [0, 2], [0, 1], [0, 1], [1, 1], [1, 1], [1, 1], [1, 1]], "spawn_a": [3, 3], "spawn_b": [4, 3]}